,Country name,Regional indicator,Score Y20,GDP Y20,Social support Y20,Life expectancy Y20,Freedom Y20,Generosity Y20,Corruption Y20,Score Y19,GDP Y19,Social support Y19,Life expectancy Y19,Freedom Y19,Generosity Y19,Corruption Y19,Score Y18,GDP Y18,Social support Y18,Life expectancy Y18,Freedom Y18,Generosity Y18,Corruption Y18,Score Y17,GDP Y17,Life Expectancy Y17,Freedom Y17,Generosity Y17,Corruption Y17,Score Y16,GDP Y16,Life Expectancy Y16,Freedom Y16,Corruption Y16,Generosity Y16,Score Y15,GDP Y15,Life Expectancy Y15,Freedom Y15,Corruption Y15,Generosity Y15
0,Finland,Western Europe,7.808700085,10.63926697,0.954329729,71.9008255,0.949172199,-0.059482019000000004,0.19544458399999998,7.769,1.34,1.587,0.986,0.596,0.153,0.39299999999999996,7.632000000000001,1.305,1.5919999999999999,0.8740000000000001,0.6809999999999999,0.20199999999999999,0.39299999999999996,7.468999862670901,1.44357192516327,0.80915766954422,0.6179508566856379,0.24548277258873,0.38261154294014,7.412999999999999,1.40598,0.81091,0.57104,0.41003999999999996,0.25492,7.412999999999999,1.40598,0.81091,0.57104,0.41003999999999996,0.25492
1,Denmark,Western Europe,7.645599842,10.77400112,0.955990791,72.40250397,0.9514442679999999,0.06620177599999999,0.168489456,7.6,1.383,1.5730000000000002,0.996,0.5920000000000001,0.252,0.41,7.555,1.351,1.59,0.868,0.6829999999999999,0.284,0.408,7.52199983596802,1.48238301277161,0.7925655245780941,0.626006722450256,0.3552804887294771,0.40077006816863997,7.526,1.4417799999999998,0.79504,0.5794100000000001,0.44453000000000004,0.36171,7.526,1.4417799999999998,0.79504,0.5794100000000001,0.44453000000000004,0.36171
2,Switzerland,Western Europe,7.559899807000001,10.97993279,0.942846596,74.10244751,0.921336651,0.105911039,0.303728431,7.48,1.452,1.526,1.052,0.5720000000000001,0.263,0.34299999999999997,7.487,1.42,1.5490000000000002,0.927,0.66,0.256,0.35700000000000004,7.49399995803833,1.5649795532226598,0.858131289482117,0.620070576667786,0.29054927825927696,0.36700728535652205,7.5089999999999995,1.5273299999999999,0.86303,0.58557,0.41203,0.28083,7.5089999999999995,1.5273299999999999,0.86303,0.58557,0.41203,0.28083
3,Iceland,Western Europe,7.504499912000001,10.77255917,0.9746695759999999,73.0,0.948891878,0.246944219,0.7117097379999999,7.494,1.38,1.624,1.026,0.591,0.354,0.11800000000000001,7.495,1.3430000000000002,1.6440000000000001,0.914,0.677,0.353,0.138,7.50400018692017,1.480633020401,0.8335521221160892,0.6271626353263849,0.47554022073745705,0.15352655947208402,7.501,1.42666,0.8673299999999999,0.56624,0.14975,0.47678000000000004,7.501,1.42666,0.8673299999999999,0.56624,0.14975,0.47678000000000004
4,Norway,Western Europe,7.487999916000001,11.08780384,0.952486575,73.20078278,0.955750287,0.13453263,0.26321819399999996,7.553999999999999,1.4880000000000002,1.5819999999999999,1.028,0.603,0.271,0.341,7.593999999999999,1.456,1.5819999999999999,0.861,0.6859999999999999,0.28600000000000003,0.34,7.537000179290769,1.6164631843566901,0.796666502952576,0.635422587394714,0.36201223731041,0.31596383452415505,7.497999999999999,1.57744,0.79579,0.59609,0.35775999999999997,0.37895,7.497999999999999,1.57744,0.79579,0.59609,0.35775999999999997,0.37895
5,Netherlands,Western Europe,7.448900223,10.81271172,0.93913883,72.30091858,0.908547819,0.20761244,0.364717126,7.4879999999999995,1.396,1.5219999999999998,0.9990000000000001,0.557,0.322,0.298,7.441,1.361,1.4880000000000002,0.878,0.638,0.33299999999999996,0.295,7.3769998550415,1.50394463539124,0.8106961250305179,0.5853844881057739,0.47048982977867104,0.282661825418472,7.3389999999999995,1.46468,0.8123100000000001,0.55211,0.29927,0.47416,7.3389999999999995,1.46468,0.8123100000000001,0.55211,0.29927,0.47416
6,Sweden,Western Europe,7.353499889,10.75879383,0.926311195,72.60076904,0.939144194,0.111614622,0.250880182,7.343,1.3869999999999998,1.4869999999999999,1.0090000000000001,0.574,0.267,0.373,7.314,1.355,1.501,0.9129999999999999,0.659,0.285,0.38299999999999995,7.28399991989136,1.49438726902008,0.830875158309937,0.612924098968506,0.38539925217628496,0.384398728609085,7.291,1.45181,0.83121,0.58218,0.40867,0.38254,7.291,1.45181,0.83121,0.58218,0.40867,0.38254
7,New Zealand,North America and ANZ,7.2996001239999995,10.50094318,0.9491189720000001,73.20262909,0.9362174870000001,0.191598073,0.22113885,7.307,1.3030000000000002,1.557,1.026,0.585,0.33,0.38,7.324,1.268,1.601,0.8759999999999999,0.669,0.365,0.389,7.31400012969971,1.40570604801178,0.816759705543518,0.6140621304512021,0.500005125999451,0.38281670212745705,7.334,1.36066,0.83096,0.5814699999999999,0.41903999999999997,0.49401000000000006,7.334,1.36066,0.83096,0.5814699999999999,0.41903999999999997,0.49401000000000006
8,Austria,Western Europe,7.294199944,10.7428236,0.9280458690000001,73.00250244,0.899989486,0.085429221,0.49995487899999996,7.246,1.376,1.475,1.016,0.532,0.244,0.226,7.138999999999999,1.341,1.504,0.8909999999999999,0.617,0.242,0.22399999999999998,7.00600004196167,1.4870972633361799,0.8153284192085269,0.567766189575195,0.316472321748734,0.22106036543846105,7.119,1.45038,0.80565,0.54355,0.21348000000000003,0.32865,7.119,1.45038,0.80565,0.54355,0.21348000000000003,0.32865
9,Luxembourg,Western Europe,7.2375001910000005,11.45068073,0.9069122079999999,72.59999847,0.90563643,-0.004620588,0.367084295,7.09,1.609,1.479,1.012,0.526,0.19399999999999998,0.316,6.91,1.5759999999999998,1.52,0.8959999999999999,0.632,0.196,0.321,6.86299991607666,1.74194359779358,0.845089495182037,0.59662789106369,0.283180981874466,0.31883442401886,6.871,1.6975200000000001,0.8454200000000001,0.5487,0.35329,0.27571,6.871,1.6975200000000001,0.8454200000000001,0.5487,0.35329,0.27571
10,Canada,North America and ANZ,7.23210001,10.69236851,0.927176654,73.60160065,0.9339132309999999,0.124770768,0.390843362,7.278,1.365,1.505,1.0390000000000001,0.584,0.285,0.308,7.327999999999999,1.33,1.5319999999999998,0.8959999999999999,0.653,0.321,0.29100000000000004,7.31599998474121,1.47920441627502,0.83455765247345,0.611100912094116,0.435539722442627,0.287371516227722,7.404,1.44015,0.8276,0.5737,0.31329,0.44833999999999996,7.404,1.44015,0.8276,0.5737,0.31329,0.44833999999999996
11,Australia,North America and ANZ,7.222799778,10.72059631,0.9448546170000001,73.60453796,0.915431738,0.19046016,0.41516912,7.228,1.3719999999999999,1.548,1.036,0.557,0.332,0.29,7.272,1.34,1.5730000000000002,0.91,0.647,0.361,0.302,7.28399991989136,1.4844149351120002,0.84388679265976,0.601607382297516,0.47769924998283403,0.301183730363846,7.313,1.4444299999999999,0.8512,0.5683699999999999,0.32331,0.47407,7.313,1.4444299999999999,0.8512,0.5683699999999999,0.32331,0.47407
12,United Kingdom,Western Europe,7.164500237,10.60013485,0.93668282,72.30160522,0.834743679,0.263732493,0.43591591700000004,7.053999999999999,1.3330000000000002,1.538,0.996,0.45,0.348,0.278,7.19,1.244,1.433,0.888,0.46399999999999997,0.262,0.08199999999999999,6.71400022506714,1.44163393974304,0.805335938930511,0.508190035820007,0.492774158716202,0.265428066253662,6.725,1.40283,0.80991,0.50036,0.27399,0.50156,6.725,1.40283,0.80991,0.50036,0.27399,0.50156
13,Israel,Middle East and North Africa,7.128600121,10.41752529,0.913571239,73.20025635,0.7475805879999999,0.10259372,0.78085506,7.138999999999999,1.276,1.455,1.0290000000000001,0.371,0.261,0.08199999999999999,6.814,1.301,1.5590000000000002,0.883,0.5329999999999999,0.354,0.272,7.212999820709231,1.3753824234008798,0.83840399980545,0.40598860383033797,0.330082654953003,0.0852421000599861,7.267,1.33766,0.8491700000000001,0.36432,0.08728,0.32288,7.267,1.33766,0.8491700000000001,0.36432,0.08728,0.32288
14,Costa Rica,Latin America and Caribbean,7.121399879,9.658156395,0.901545942,71.29985046,0.9347389340000001,-0.10242971,0.7863324279999999,7.167000000000001,1.034,1.4409999999999998,0.963,0.5579999999999999,0.14400000000000002,0.09300000000000001,7.072,1.01,1.459,0.8170000000000001,0.632,0.14300000000000002,0.10099999999999999,7.0789999961853,1.10970628261566,0.7595092654228209,0.580131649971008,0.21461322903633104,0.100106589496136,7.087000000000001,1.06879,0.76146,0.55225,0.10547000000000001,0.22553,7.087000000000001,1.06879,0.76146,0.55225,0.10547000000000001,0.22553
15,Ireland,Western Europe,7.093699932000001,11.16097832,0.9420815709999999,72.30078888,0.8869829770000001,0.145784974,0.357184172,7.021,1.499,1.5530000000000002,0.9990000000000001,0.516,0.298,0.31,6.977,1.4480000000000002,1.5830000000000002,0.8759999999999999,0.614,0.307,0.306,6.9770002365112305,1.5357066392898602,0.8097826242446899,0.5731103420257571,0.42785832285881,0.29838815331459007,6.907,1.4834100000000001,0.81455,0.54008,0.29754,0.44963000000000003,6.907,1.4834100000000001,0.81455,0.54008,0.29754,0.44963000000000003
16,Germany,Western Europe,7.075799942000001,10.7328186,0.898874462,72.20201874,0.867371082,0.08017938599999999,0.456422031,6.985,1.3730000000000002,1.454,0.987,0.495,0.261,0.265,6.965,1.34,1.474,0.861,0.586,0.273,0.28,6.9510002136230495,1.48792338371277,0.798950731754303,0.562511384487152,0.33626917004585305,0.276731938123703,6.994,1.44787,0.81487,0.53466,0.28551,0.30451999999999996,6.994,1.44787,0.81487,0.53466,0.28551,0.30451999999999996
17,United States,North America and ANZ,6.939599991000001,10.92576885,0.914219022,68.29949951,0.842619538,0.149891734,0.6997153159999999,6.892,1.433,1.4569999999999999,0.8740000000000001,0.45399999999999996,0.28,0.128,6.886,1.3980000000000001,1.4709999999999999,0.8190000000000001,0.547,0.29100000000000004,0.133,6.993000030517581,1.54625928401947,0.7742866277694699,0.505740523338318,0.392578780651093,0.135638788342476,7.104,1.50796,0.779,0.48163,0.14868,0.41076999999999997,7.104,1.50796,0.779,0.48163,0.14868,0.41076999999999997
18,Czech Republic,Central and Eastern Europe,6.9109001160000005,10.40416336,0.914430678,70.04793549,0.818537354,-0.230861515,0.85844624,6.852,1.2690000000000001,1.4869999999999999,0.92,0.457,0.046,0.036000000000000004,6.711,1.2329999999999999,1.489,0.8540000000000001,0.5429999999999999,0.064,0.034,6.60900020599365,1.35268235206604,0.754444003105164,0.49094617366790794,0.0881067588925362,0.0368729270994663,6.596,1.30915,0.76376,0.41418,0.03986,0.09929,6.596,1.30915,0.76376,0.41418,0.03986,0.09929
19,Belgium,Western Europe,6.863500117999999,10.673639300000001,0.911632538,72.00164795,0.813582063,-0.078691199,0.612297952,6.922999999999999,1.3559999999999999,1.504,0.986,0.473,0.16,0.21,6.9270000000000005,1.324,1.483,0.894,0.583,0.188,0.24,6.89099979400635,1.4637807607650801,0.8180918693542479,0.5397707223892211,0.23150333762168898,0.251343131065369,6.928999999999999,1.42539,0.8195899999999999,0.51354,0.26248,0.2424,6.928999999999999,1.42539,0.8195899999999999,0.51354,0.26248,0.2424
20,United Arab Emirates,Middle East and North Africa,6.790800095,11.1099987,0.8491811159999999,67.08278656,0.941345513,0.123450845,0.594502211,6.825,1.5030000000000001,1.31,0.825,0.598,0.262,0.182,6.774,2.096,0.7759999999999999,0.67,0.284,0.18600000000000003,,6.6479997634887695,1.6263433694839498,0.726798236370087,0.60834527015686,0.3609419465065,0.324489563703537,6.5729999999999995,1.57352,0.72993,0.56215,0.35561,0.26591,6.5729999999999995,1.57352,0.72993,0.56215,0.35561,0.26591
21,Malta,Western Europe,6.772799968999999,10.53383827,0.93037951,72.19999695,0.9249114390000001,0.214965805,0.658547282,6.726,1.3,1.52,0.9990000000000001,0.564,0.375,0.151,6.627000000000001,1.27,1.525,0.884,0.645,0.376,0.142,6.52699995040894,1.34327983856201,0.821944236755371,0.588767051696777,0.5747305750846861,0.153066068887711,6.4879999999999995,1.30782,0.80315,0.54994,0.17554,0.56237,6.4879999999999995,1.30782,0.80315,0.54994,0.17554,0.56237
22,France,Western Europe,6.663799762999999,10.58422279,0.937103748,73.80193329,0.8254676459999999,-0.130641967,0.583521128,6.5920000000000005,1.324,1.472,1.045,0.436,0.111,0.183,6.489,1.2930000000000001,1.466,0.9079999999999999,0.52,0.098,0.17600000000000002,6.44199991226196,1.43092346191406,0.8444658517837521,0.470222115516663,0.129762306809425,0.172502428293228,6.478,1.39488,0.83795,0.46562,0.17808,0.1216,6.478,1.39488,0.83795,0.46562,0.17808,0.1216
23,Mexico,Latin America and Caribbean,6.465000152999999,9.797797203,0.8386654259999999,68.29902649,0.8587092759999999,-0.175266623,0.806821585,6.595,1.07,1.3230000000000002,0.861,0.433,0.07400000000000001,0.073,6.4879999999999995,1.038,1.252,0.7609999999999999,0.479,0.069,0.095,6.57800006866455,1.1531838178634601,0.709978997707367,0.412730008363724,0.12099043279886199,0.132774114608765,6.778,1.1150799999999998,0.71143,0.37709000000000004,0.18355,0.11735,6.778,1.1150799999999998,0.71143,0.37709000000000004,0.18355,0.11735
24,Taiwan Province of China,East Asia,6.45539999,10.77568531,0.894309103,69.59999847,0.77153033,-0.07319869799999999,0.73188293,,,,,,,,,,,,,,,6.42199993133545,1.4336265325546298,0.793984234333038,0.361466586589813,0.258360475301743,0.0638292357325554,,,,,,,,,,,,
25,Uruguay,Latin America and Caribbean,6.440100192999999,9.948192596,0.92281127,69.00254822,0.892395437,-0.101103112,0.635994136,6.292999999999999,1.124,1.465,0.8909999999999999,0.523,0.127,0.15,6.379,1.093,1.459,0.7709999999999999,0.625,0.13,0.155,6.4539999961853,1.2175596952438401,0.719216823577881,0.5793922543525699,0.175096929073334,0.17806187272071802,6.545,1.18157,0.72183,0.54388,0.21394000000000002,0.18056,6.545,1.18157,0.72183,0.54388,0.21394000000000002,0.18056
26,Saudi Arabia,Middle East and North Africa,6.406499863,10.79781246,0.874067068,66.30514526,0.854191244,-0.16869506199999998,0.682619512,6.375,1.403,1.357,0.795,0.439,0.08,0.132,6.371,1.379,1.331,0.633,0.509,0.098,0.127,6.343999862670901,1.53062355518341,0.590148329734802,0.449750572443008,0.147616013884544,0.27343225479126004,6.379,1.48953,0.59267,0.37904,0.30008,0.15457,6.379,1.48953,0.59267,0.37904,0.30008,0.15457
27,Spain,Western Europe,6.4008998870000005,10.46292686,0.921125412,74.40270996,0.751989543,-0.050961714000000005,0.765859902,6.354,1.286,1.484,1.062,0.36200000000000004,0.153,0.079,6.31,1.251,1.538,0.965,0.449,0.142,0.07400000000000001,6.40299987792969,1.38439786434174,0.888960599899292,0.408781230449677,0.190133571624756,0.0709140971302986,6.361000000000001,1.34253,0.8789600000000001,0.37545,0.06137000000000001,0.17665,6.361000000000001,1.34253,0.8789600000000001,0.37545,0.06137000000000001,0.17665
28,Guatemala,Latin America and Caribbean,6.398900032,8.924805641,0.8166214820000001,64.8089447,0.9081475729999999,-0.042938665,0.783237457,6.436,0.8,1.2690000000000001,0.746,0.535,0.175,0.078,6.382000000000001,0.7809999999999999,1.268,0.608,0.604,0.179,0.071,6.4539999961853,0.872001945972443,0.540239989757538,0.5313106179237371,0.283488392829895,0.0772232785820961,6.324,0.83454,0.5403899999999999,0.50379,0.08701,0.28808,6.324,0.83454,0.5403899999999999,0.50379,0.08701,0.28808
29,Italy,Western Europe,6.38740015,10.48183632,0.8898785709999999,73.60168457,0.66465199,-0.04346099900000001,0.873404682,6.223,1.294,1.4880000000000002,1.0390000000000001,0.231,0.158,0.03,6.0,1.264,1.501,0.946,0.281,0.13699999999999998,0.027999999999999997,5.96400022506714,1.3950666189193701,0.8531443476676941,0.256450712680817,0.17278964817523998,0.0280280914157629,5.977,1.35495,0.8510200000000001,0.18827,0.02556,0.16684000000000002,5.977,1.35495,0.8510200000000001,0.18827,0.02556,0.16684000000000002
30,Singapore,Southeast Asia,6.377099991000001,11.39552116,0.9102689620000001,76.80458069,0.926645339,0.029879224,0.109784193,6.2620000000000005,1.5719999999999998,1.463,1.141,0.556,0.271,0.45299999999999996,6.343,1.5290000000000001,1.4509999999999998,1.008,0.631,0.261,0.457,6.57200002670288,1.69227766990662,0.9494923949241642,0.549840569496155,0.345965981483459,0.46430778503417997,6.739,1.64555,0.94719,0.4877,0.46986999999999995,0.32706,6.739,1.64555,0.94719,0.4877,0.46986999999999995,0.32706
31,Brazil,Latin America and Caribbean,6.375599861,9.56643486,0.896723807,66.48016357,0.799804807,-0.10181239199999999,0.7706012729999999,6.3,1.004,1.439,0.802,0.39,0.099,0.086,6.419,0.986,1.474,0.675,0.493,0.11,0.08800000000000001,6.6350002288818395,1.1073532104492199,0.6165523529052729,0.437453746795654,0.16234989464282998,0.11109276115894301,6.952000000000001,1.08754,0.61415,0.40425,0.14165999999999998,0.15775999999999998,6.952000000000001,1.08754,0.61415,0.40425,0.14165999999999998,0.15775999999999998
32,Slovenia,Central and Eastern Europe,6.363399982000001,10.39232254,0.939575672,71.1029892,0.936142623,-0.080603383,0.817071021,6.117999999999999,1.258,1.5230000000000001,0.953,0.564,0.14400000000000002,0.057,5.9479999999999995,1.219,1.506,0.856,0.633,0.16,0.051,5.75799989700317,1.3412059545516999,0.7908282279968258,0.572575807571411,0.242649093270302,0.0451289787888527,5.768,1.2994700000000001,0.79151,0.53164,0.03635,0.25738,5.768,1.2994700000000001,0.79151,0.53164,0.03635,0.25738
33,El Salvador,Latin America and Caribbean,6.34829998,8.909075737,0.8060922620000001,66.10826111,0.833805263,-0.12107297800000001,0.754319906,6.252999999999999,0.794,1.242,0.789,0.43,0.09300000000000001,0.07400000000000001,6.167000000000001,0.8059999999999999,1.2309999999999999,0.639,0.461,0.065,0.08199999999999999,6.002999782562259,0.9097844958305359,0.596018552780151,0.432452529668808,0.0782579854130745,0.0899809598922729,6.068,0.8737,0.596,0.37269,0.10613,0.08877,6.068,0.8737,0.596,0.37269,0.10613,0.08877
34,Kosovo,Central and Eastern Europe,6.325200081,9.204429626,0.8207265140000001,63.88555527,0.861535907,0.19093376399999998,0.922328293,6.1,0.882,1.232,0.758,0.489,0.262,0.006,5.662000000000001,0.855,1.23,0.578,0.44799999999999995,0.27399999999999997,0.023,5.27899980545044,0.951484382152557,0.541452050209045,0.260287940502167,0.319931447505951,0.0574716180562973,5.401,0.90145,0.54,0.14396,0.06547,0.27992,5.401,0.90145,0.54,0.14396,0.06547,0.27992
35,Panama,Latin America and Caribbean,6.304800033999999,10.03423405,0.902094483,69.60301208,0.880366504,-0.153927714,0.851588905,6.321000000000001,1.149,1.442,0.91,0.516,0.109,0.054000000000000006,6.43,1.112,1.4380000000000002,0.759,0.597,0.125,0.063,6.4520001411438,1.23374843597412,0.706156134605408,0.550026834011078,0.21055693924427,0.070983923971653,6.7010000000000005,1.18306,0.70835,0.48927,0.08423,0.2418,6.7010000000000005,1.18306,0.70835,0.48927,0.08423,0.2418
36,Slovakia,Central and Eastern Europe,6.280600071,10.34774971,0.9224937559999999,68.90634155,0.7499526740000001,-0.12440930300000001,0.918096125,6.1979999999999995,1.246,1.504,0.8809999999999999,0.33399999999999996,0.121,0.013999999999999999,6.172999999999999,1.21,1.537,0.7759999999999999,0.354,0.11800000000000001,0.013999999999999999,6.09800004959106,1.32539355754852,0.712732911109924,0.295817464590073,0.136544480919838,0.0242108516395092,6.077999999999999,1.27973,0.70367,0.23390999999999998,0.02947,0.13837,6.077999999999999,1.27973,0.70367,0.23390999999999998,0.02947,0.13837
37,Uzbekistan,Commonwealth of Independent States,6.257599831,8.740371704,0.926595807,65.10757446,0.974998116,0.248427153,0.501497388,6.1739999999999995,0.745,1.5290000000000001,0.7559999999999999,0.631,0.322,0.24,6.096,0.7190000000000001,1.584,0.605,0.7240000000000001,0.32799999999999996,0.259,5.97100019454956,0.786441087722778,0.498272627592087,0.6582486629486078,0.41598364710807795,0.246528223156929,5.987,0.7359100000000001,0.50163,0.60848,0.28333,0.34326,5.987,0.7359100000000001,0.50163,0.60848,0.28333,0.34326
38,Chile,Latin America and Caribbean,6.228499889,10.0320549,0.879713595,69.90061951,0.7448962929999999,-0.065668367,0.838239431,6.444,1.159,1.369,0.92,0.35700000000000004,0.187,0.055999999999999994,6.476,1.131,1.331,0.8079999999999999,0.431,0.19699999999999998,0.061,6.65199995040894,1.25278460979462,0.8194797039031979,0.376895278692245,0.3266624212265011,0.0822879821062088,6.705,1.2167,0.8188300000000001,0.37789,0.11450999999999999,0.31595,6.705,1.2167,0.8188300000000001,0.37789,0.11450999999999999,0.31595
39,Bahrain,Middle East and North Africa,6.227300167,10.67638016,0.876342118,68.5,0.905855775,0.13372919,0.7393470999999999,6.199,1.3619999999999999,1.368,0.871,0.536,0.255,0.11,6.105,1.338,1.3659999999999999,0.698,0.594,0.243,0.12300000000000001,6.08699989318848,1.4884122610092199,0.653133034706116,0.536746919155121,0.17266848683357197,0.257042169570923,6.218,1.44024,0.65696,0.47375,0.25772,0.17147,6.218,1.44024,0.65696,0.47375,0.25772,0.17147
40,Lithuania,Central and Eastern Europe,6.215499877999999,10.34362602,0.926107109,67.29407501,0.747381449,-0.21972529600000001,0.809583843,6.149,1.238,1.515,0.818,0.29100000000000004,0.043,0.042,5.952000000000001,1.197,1.527,0.716,0.35,0.026000000000000002,0.006,5.90199995040894,1.3145823478698702,0.62894994020462,0.234231784939766,0.010164656676352,0.0118656428530812,5.813,1.2692,0.64674,0.18929,0.0182,0.02025,5.813,1.2692,0.64674,0.18929,0.0182,0.02025
41,Trinidad and Tobago,Latin America and Caribbean,6.1918997760000005,10.26000214,0.91529417,63.5,0.8579071159999999,0.000526841,0.9122306109999999,,,,,,,,,,,,,,,6.1680002212524405,1.36135590076447,0.5199832916259771,0.518630743026733,0.32529646158218395,0.00896481610834599,6.167999999999999,1.32572,0.52608,0.48453,0.01241,0.31935,6.167999999999999,1.32572,0.52608,0.48453,0.01241,0.31935
42,Poland,Central and Eastern Europe,6.1862998010000005,10.26512432,0.874257445,69.31113434,0.8620557790000001,-0.205084071,0.6869270209999999,6.182,1.206,1.4380000000000002,0.884,0.483,0.11699999999999999,0.05,6.122999999999999,1.176,1.4480000000000002,0.7809999999999999,0.546,0.10800000000000001,0.064,5.97300004959106,1.29178786277771,0.699475347995758,0.520342111587524,0.158465966582298,0.0593078061938286,5.835,1.24585,0.69058,0.4519,0.055,0.14443,5.835,1.24585,0.69058,0.4519,0.055,0.14443
43,Colombia,Latin America and Caribbean,6.163400172999999,9.500369072,0.884440243,67.69958496,0.8361799120000001,-0.161235645,0.86457181,6.125,0.985,1.41,0.841,0.47,0.099,0.034,6.26,0.96,1.439,0.635,0.531,0.099,0.039,6.35699987411499,1.07062232494354,0.595027923583984,0.47748741507530196,0.14901447296142598,0.0466687418520451,6.481,1.0303200000000001,0.59659,0.44735,0.053989999999999996,0.15625999999999998,6.481,1.0303200000000001,0.59659,0.44735,0.053989999999999996,0.15625999999999998
44,Cyprus,Western Europe,6.15899992,10.40570259,0.8059962390000001,73.70222473,0.7798582909999999,0.043731495999999995,0.8562717440000001,6.046,1.263,1.2229999999999999,1.042,0.406,0.19,0.040999999999999995,5.7620000000000005,1.229,1.1909999999999998,0.909,0.423,0.20199999999999999,0.035,5.62099981307983,1.3559380769729599,0.84471470117569,0.35511153936386103,0.271254301071167,0.0412379764020443,5.546,1.31857,0.8488,0.29507,0.05227999999999999,0.27906,5.546,1.31857,0.8488,0.29507,0.05227999999999999,0.27906
45,Nicaragua,Latin America and Caribbean,6.13710022,8.493160247999999,0.8574970359999999,67.50717926,0.8639028670000001,0.020959141,0.665950119,6.105,0.6940000000000001,1.325,0.835,0.435,0.2,0.127,6.141,0.6679999999999999,1.319,0.7,0.527,0.20800000000000002,0.128,6.07100009918213,0.737299203872681,0.6530959606170649,0.447551846504211,0.301674216985703,0.130687981843948,5.992000000000001,0.69384,0.65213,0.46581999999999996,0.16292,0.29773,5.992000000000001,0.69384,0.65213,0.46581999999999996,0.16292,0.29773
46,Romania,Central and Eastern Europe,6.123700142000001,10.107584,0.8251615170000001,67.20723724,0.842823207,-0.19781521,0.9343002440000001,6.07,1.162,1.232,0.825,0.462,0.083,0.005,5.945,1.1159999999999999,1.219,0.726,0.528,0.08800000000000001,0.001,5.824999809265139,1.21768391132355,0.6851583123207089,0.457003742456436,0.133519917726517,0.0043879006989300294,5.528,1.1697,0.67602,0.36712,0.006790000000000001,0.12889,5.528,1.1697,0.67602,0.36712,0.006790000000000001,0.12889
47,Kuwait,Middle East and North Africa,6.102099895,11.08982468,0.8464752440000001,66.76764679,0.8723664879999999,-0.100184701,0.7608490590000001,6.021,1.5,1.319,0.8079999999999999,0.493,0.142,0.09699999999999999,6.082999999999999,1.474,1.301,0.675,0.5539999999999999,0.16699999999999998,0.106,6.10500001907349,1.63295245170593,0.6321057081222529,0.49633759260177596,0.228289797902107,0.21515955030918102,6.239,1.61714,0.63569,0.43166000000000004,0.23669,0.15965,6.239,1.61714,0.63569,0.43166000000000004,0.23669,0.15965
48,Mauritius,Sub-Saharan Africa,6.101299762999999,9.956786156,0.910357833,66.40434265,0.889534533,-0.018318573,0.8053430909999999,5.888,1.12,1.402,0.7979999999999999,0.498,0.215,0.06,5.891,1.09,1.3869999999999998,0.684,0.584,0.245,0.05,5.62900018692017,1.1893955469131499,0.6380074620246889,0.491247326135635,0.360933750867844,0.0421815551817417,5.648,1.14372,0.66189,0.46145,0.05202999999999999,0.36951,5.648,1.14372,0.66189,0.46145,0.05202999999999999,0.36951
49,Kazakhstan,Commonwealth of Independent States,6.0578999520000005,10.11465836,0.934744895,64.60996246,0.811601937,-0.068488635,0.7644908429999999,5.809,1.173,1.508,0.7290000000000001,0.41,0.146,0.096,5.79,1.143,1.516,0.631,0.45399999999999996,0.14800000000000002,0.121,5.8189997673034695,1.2845562696456898,0.6060415506362921,0.43745428323745705,0.20196442306041698,0.11928288638591802,5.919,1.22943,0.57386,0.4052,0.11132,0.15011,5.919,1.22943,0.57386,0.4052,0.11132,0.15011
50,Estonia,Central and Eastern Europe,6.0218000410000005,10.34001732,0.9347299929999999,68.60495758,0.87770915,-0.111697771,0.623073816,5.893,1.237,1.528,0.8740000000000001,0.495,0.10300000000000001,0.161,5.739,1.2,1.5319999999999998,0.737,0.5529999999999999,0.086,0.174,5.61100006103516,1.3208793401718102,0.695168316364288,0.479131430387497,0.0988908112049103,0.18324892222881303,5.517,1.2796399999999999,0.68098,0.41511000000000003,0.18519000000000002,0.08423,5.517,1.2796399999999999,0.68098,0.41511000000000003,0.18519000000000002,0.08423
51,Philippines,Southeast Asia,6.006000042,8.993545532,0.8467300529999999,61.92676163,0.915463448,-0.105463006,0.7336341140000001,5.631,0.807,1.2930000000000001,0.657,0.5579999999999999,0.11699999999999999,0.107,5.524,0.775,1.3119999999999998,0.513,0.643,0.12,0.105,5.42999982833862,0.85769921541214,0.46800905466079706,0.585214674472809,0.193513423204422,0.0993318930268288,5.279,0.81217,0.47036000000000006,0.5485399999999999,0.11757000000000001,0.21674000000000002,5.279,0.81217,0.47036000000000006,0.5485399999999999,0.11757000000000001,0.21674000000000002
52,Hungary,Central and Eastern Europe,6.000400066,10.24924374,0.921934128,67.60997009,0.718964577,-0.19432301800000001,0.892916501,5.757999999999999,1.2009999999999998,1.41,0.828,0.19899999999999998,0.081,0.02,5.62,1.171,1.401,0.732,0.259,0.061,0.022000000000000002,5.32399988174438,1.2860119342803997,0.6877634525299069,0.17586351931095098,0.0784016624093056,0.0366369374096394,5.145,1.24142,0.67608,0.1977,0.044719999999999996,0.099,5.145,1.24142,0.67608,0.1977,0.044719999999999996,0.099
53,Thailand,Southeast Asia,5.9987998010000005,9.741791725,0.8899732229999999,67.25059509,0.905063033,0.268685192,0.8862723109999999,6.007999999999999,1.05,1.409,0.828,0.557,0.359,0.027999999999999997,6.072,1.016,1.4169999999999998,0.7070000000000001,0.637,0.364,0.028999999999999998,6.4239997863769505,1.12786877155304,0.647239029407501,0.580200731754303,0.572123110294342,0.0316127352416515,6.474,1.0893,0.64915,0.49553,0.02833,0.58696,6.474,1.0893,0.64915,0.49553,0.02833,0.58696
54,Argentina,Latin America and Caribbean,5.974699974,9.810955048,0.900567949,68.80380249,0.831132412,-0.194913864,0.8420098420000001,6.086,1.092,1.432,0.8809999999999999,0.47100000000000003,0.066,0.05,6.388,1.073,1.4680000000000002,0.7440000000000001,0.57,0.062,0.054000000000000006,6.59899997711182,1.18529546260834,0.695137083530426,0.49451920390129106,0.109457060694695,0.05973988771438599,6.65,1.15137,0.69711,0.42283999999999994,0.07296,0.10989000000000002,6.65,1.15137,0.69711,0.42283999999999994,0.07296,0.10989000000000002
55,Honduras,Latin America and Caribbean,5.953199862999999,8.424534798,0.821870148,67.19876862,0.870603263,0.086969115,0.801131904,5.86,0.642,1.236,0.828,0.507,0.24600000000000002,0.078,5.504,0.62,1.205,0.622,0.45899999999999996,0.19699999999999998,0.07400000000000001,5.1810002326965305,0.730573117733002,0.582569479942322,0.348079860210419,0.23618887364864302,0.0733454525470734,4.871,0.69429,0.5838300000000001,0.26755,0.06906,0.2044,4.871,0.69429,0.5838300000000001,0.26755,0.06906,0.2044
56,Latvia,Central and Eastern Europe,5.9499998089999995,10.17531967,0.9182885890000001,66.8074646,0.671237648,-0.186888844,0.7955800890000001,5.94,1.187,1.465,0.812,0.264,0.075,0.064,5.933,1.148,1.454,0.6709999999999999,0.363,0.092,0.066,5.849999904632571,1.26074862480164,0.638566970825195,0.32570791244506797,0.153074786067009,0.0738427266478539,5.56,1.2178799999999999,0.63952,0.27996,0.0889,0.17445,5.56,1.2178799999999999,0.63952,0.27996,0.0889,0.17445
57,Ecuador,Latin America and Caribbean,5.925199986,9.246058463999999,0.836418986,68.50003815,0.8598289490000001,-0.127014965,0.8012151120000001,6.028,0.912,1.3119999999999998,0.868,0.498,0.126,0.087,5.973,0.889,1.33,0.736,0.556,0.114,0.12,6.00799989700317,1.00082039833069,0.685636222362518,0.4551981985569,0.15011246502399403,0.140134647488594,5.976,0.97306,0.68613,0.4027,0.18037,0.10074,5.976,0.97306,0.68613,0.4027,0.18037,0.10074
58,Portugal,Western Europe,5.9109001160000005,10.26374245,0.8865907190000001,72.40202332,0.8887478109999999,-0.220714301,0.8926295040000001,5.693,1.2209999999999999,1.431,0.9990000000000001,0.508,0.047,0.025,5.41,1.188,1.429,0.884,0.562,0.055,0.017,5.19500017166138,1.3151752948761002,0.795843541622162,0.498465299606323,0.0951027125120163,0.0158694516867399,5.122999999999999,1.27607,0.7936300000000001,0.44727,0.01521,0.11690999999999999,5.122999999999999,1.27607,0.7936300000000001,0.44727,0.01521,0.11690999999999999
59,Jamaica,Latin America and Caribbean,5.889800072000001,9.006250381000001,0.9157018659999999,67.09999847,0.8580685259999999,-0.12510676699999998,0.8888900279999999,5.89,0.831,1.4780000000000002,0.831,0.49,0.107,0.027999999999999997,5.89,0.8190000000000001,1.493,0.693,0.575,0.096,0.031,5.31099987030029,0.925579309463501,0.6410223841667181,0.474307239055634,0.23381833732128102,0.0552677810192108,5.51,0.89333,0.5946899999999999,0.43596999999999997,0.04294,0.22245,5.51,0.89333,0.5946899999999999,0.43596999999999997,0.04294,0.22245
60,South Korea,East Asia,5.872399807000001,10.51056671,0.7993871570000001,73.60272979999999,0.6129651070000001,-0.043404032,0.789067447,5.895,1.301,1.219,1.036,0.159,0.175,0.055999999999999994,5.875,1.266,1.204,0.955,0.244,0.175,0.051,5.837999820709231,1.40167844295502,0.900214076042175,0.257921665906906,0.206674367189407,0.0632826685905457,5.835,1.35948,0.88645,0.25168,0.07716,0.18824000000000002,5.835,1.35948,0.88645,0.25168,0.07716,0.18824000000000002
61,Japan,East Asia,5.870800018,10.57968903,0.883545935,75.00096893,0.8099613790000001,-0.24691034899999997,0.654558063,5.886,1.327,1.419,1.088,0.445,0.069,0.14,5.915,1.294,1.462,0.988,0.5529999999999999,0.079,0.15,5.92000007629395,1.41691517829895,0.9134758710861209,0.505625545978546,0.12057276815175999,0.163760736584663,5.921,1.3800700000000001,0.91491,0.46761,0.18985,0.10224,5.921,1.3800700000000001,0.91491,0.46761,0.18985,0.10224
62,Peru,Latin America and Caribbean,5.796800137000001,9.456313133,0.8310752509999999,68.10023499,0.8247660990000001,-0.16238822,0.8937149640000001,5.697,0.96,1.274,0.8540000000000001,0.455,0.083,0.027000000000000003,5.662999999999999,0.934,1.249,0.674,0.53,0.092,0.034,5.71500015258789,1.0352252721786501,0.6301661133766171,0.45000287890434293,0.126819714903831,0.0470490865409374,5.742999999999999,0.9960200000000001,0.6299399999999999,0.37501999999999996,0.05292,0.14527,5.742999999999999,0.9960200000000001,0.6299399999999999,0.37501999999999996,0.05292,0.14527
63,Serbia,Central and Eastern Europe,5.77820015,9.680980682000001,0.881475747,68.21020508,0.726495862,-0.073676221,0.843509018,5.603,1.004,1.383,0.8540000000000001,0.282,0.13699999999999998,0.039,5.398,0.975,1.369,0.685,0.28800000000000003,0.134,0.043,5.39499998092651,1.06931757926941,0.65078467130661,0.20871552824974102,0.22012588381767298,0.0409037806093693,5.1770000000000005,1.03437,0.6458,0.15718,0.04339,0.20736999999999997,5.1770000000000005,1.03437,0.6458,0.15718,0.04339,0.20736999999999997
64,Bolivia,Latin America and Caribbean,5.747499942999999,8.851115227000001,0.803108692,63.6004715,0.875873327,-0.09168113,0.8226062059999999,5.779,0.7759999999999999,1.209,0.706,0.511,0.13699999999999998,0.064,5.752000000000001,0.7509999999999999,1.2229999999999999,0.508,0.606,0.141,0.054000000000000006,5.82299995422363,0.833756566047668,0.47363024950027505,0.5587329268455511,0.22556072473526,0.0604777261614799,5.822,0.79422,0.4697,0.50961,0.07746,0.21698,5.822,0.79422,0.4697,0.50961,0.07746,0.21698
65,Pakistan,South Asia,5.69329977,8.482727051,0.689062297,58.25313568,0.734833717,0.04489987,0.7457054259999999,5.653,0.677,0.8859999999999999,0.535,0.313,0.22,0.098,5.472,0.652,0.81,0.424,0.33399999999999996,0.21600000000000003,0.113,5.26900005340576,0.7268835306167599,0.40204778313636796,0.23521526157856,0.31544601917266807,0.12434806674718901,5.132000000000001,0.68816,0.40306,0.14622000000000002,0.1388,0.31185,5.132000000000001,0.68816,0.40306,0.14622000000000002,0.1388,0.31185
66,Paraguay,Latin America and Caribbean,5.6921000479999995,9.389982224,0.8987278940000001,65.63993835,0.885923445,0.007997713,0.8347885009999999,5.742999999999999,0.855,1.475,0.777,0.514,0.184,0.08,5.681,0.835,1.5219999999999998,0.615,0.541,0.162,0.07400000000000001,5.493000030517581,0.932537317276001,0.579250693321228,0.473507791757584,0.224150657653809,0.091065913438797,5.537999999999999,0.8937299999999999,0.58295,0.46235,0.07396,0.25296,5.537999999999999,0.8937299999999999,0.58295,0.46235,0.07396,0.25296
67,Dominican Republic,Latin America and Caribbean,5.6891999239999995,9.664880753,0.882085383,65.80748749,0.8662027720000001,-0.131263286,0.755999923,5.425,1.015,1.401,0.779,0.49700000000000005,0.113,0.10099999999999999,5.3020000000000005,0.982,1.4409999999999998,0.614,0.578,0.12,0.106,5.230000019073491,1.07937383651733,0.574873745441437,0.55258983373642,0.186967849731445,0.113945253193378,5.155,1.02787,0.5766899999999999,0.52259,0.12372000000000001,0.21286,5.155,1.02787,0.5766899999999999,0.52259,0.12372000000000001,0.21286
68,Bosnia and Herzegovina,Central and Eastern Europe,5.674099922000001,9.455817223,0.829204142,67.80813599,0.651352704,0.098274559,0.933769107,5.386,0.945,1.212,0.845,0.212,0.263,0.006,5.129,0.915,1.078,0.758,0.28,0.21600000000000003,0.0,5.18200016021729,0.982409417629242,0.705186307430267,0.204403176903725,0.328867495059967,0.0,5.162999999999999,0.9338299999999999,0.7076600000000001,0.09511,0.0,0.29889,5.162999999999999,0.9338299999999999,0.7076600000000001,0.09511,0.0,0.29889
69,Moldova,Commonwealth of Independent States,5.607500076,8.776714325,0.843313575,65.01301575,0.721609175,-0.037741039,0.913314283,5.529,0.685,1.328,0.7390000000000001,0.245,0.18100000000000002,0.0,5.64,0.657,1.301,0.62,0.23199999999999998,0.171,0.0,5.837999820709231,0.7288706302642819,0.5894652009010309,0.24072904884815197,0.20877912640571603,0.0100912861526012,5.897,0.69177,0.5230899999999999,0.25201999999999997,0.019030000000000002,0.19997,5.897,0.69177,0.5230899999999999,0.25201999999999997,0.019030000000000002,0.19997
70,Tajikistan,Commonwealth of Independent States,5.555699825,8.024810791,0.835297108,64.10459137,0.831383407,-0.025088511,0.5920760629999999,5.4670000000000005,0.493,1.0979999999999999,0.718,0.389,0.23,0.14400000000000002,5.199,0.474,1.166,0.598,0.292,0.187,0.034,5.04099988937378,0.524713635444641,0.5292351245880129,0.47156670689582797,0.24899764358997303,0.14637714624404902,4.996,0.48835,0.5311899999999999,0.43408,0.13509000000000002,0.25998000000000004,4.996,0.48835,0.5311899999999999,0.43408,0.13509000000000002,0.25998000000000004
71,Montenegro,Central and Eastern Europe,5.54610014,9.751860619,0.855314612,68.50534821,0.649565637,-0.075600356,0.7831215859999999,5.523,1.051,1.361,0.871,0.19699999999999998,0.142,0.08,5.347,1.0170000000000001,1.2790000000000001,0.7290000000000001,0.259,0.111,0.081,5.23699998855591,1.12112903594971,0.6674646735191351,0.194989055395126,0.197911024093628,0.0881741940975189,5.1610000000000005,1.07838,0.6353300000000001,0.15111,0.12721,0.17190999999999998,5.1610000000000005,1.07838,0.6353300000000001,0.15111,0.12721,0.17190999999999998
72,Russia,Commonwealth of Independent States,5.546000004,10.12887192,0.903150737,64.10045624,0.729892612,-0.151153743,0.864802599,5.648,1.183,1.452,0.726,0.33399999999999996,0.08199999999999999,0.031,5.81,1.151,1.479,0.599,0.39899999999999997,0.065,0.025,5.962999820709231,1.28177809715271,0.547349333763123,0.373783111572266,0.0522638224065304,0.0329628810286522,5.856,1.2322799999999998,0.58991,0.32682,0.03586,0.027360000000000002,5.856,1.2322799999999998,0.58991,0.32682,0.03586,0.027360000000000002
73,Kyrgyzstan,Commonwealth of Independent States,5.541500092000001,8.148405075,0.8872284890000001,64.10601044,0.909374893,0.15477205800000002,0.888396084,5.261,0.551,1.4380000000000002,0.723,0.508,0.3,0.023,5.131,0.53,1.416,0.594,0.54,0.281,0.035,5.0040001869201705,0.5962200760841371,0.553457796573639,0.454943388700485,0.42858037352562,0.0394391790032387,5.185,0.5604399999999999,0.5544899999999999,0.40212,0.047619999999999996,0.38432,5.185,0.5604399999999999,0.5544899999999999,0.40212,0.047619999999999996,0.38432
74,Belarus,Commonwealth of Independent States,5.539899826,9.779945374,0.90674746,66.10433197,0.6391630770000001,-0.164926544,0.63571167,5.3229999999999995,1.067,1.465,0.789,0.235,0.094,0.142,5.483,1.0390000000000001,1.4980000000000002,0.7,0.307,0.10099999999999999,0.154,5.5689997673034695,1.15655755996704,0.6377142667770389,0.295400261878967,0.15513750910759,0.156313821673393,5.8020000000000005,1.1306200000000002,0.6310399999999999,0.29091,0.17457,0.13942000000000002,5.8020000000000005,1.1306200000000002,0.6310399999999999,0.29091,0.17457,0.13942000000000002
75,North Cyprus,Western Europe,5.53550005,10.40570259,0.820356607,73.70222473,0.79529351,0.00022715900000000003,0.62611568,,,,,,,,,,,,,,,5.80999994277954,1.3469113111496,0.834647238254547,0.47120362520217896,0.266845703125,0.155353352427483,5.771,1.31141,0.8414200000000001,0.43596,0.16577999999999998,0.26322,5.771,1.31141,0.8414200000000001,0.43596,0.16577999999999998,0.26322
76,Greece,Western Europe,5.514999866,10.13232613,0.8143803479999999,72.40525818,0.5413451189999999,-0.30090737300000003,0.8599314090000001,5.287000000000001,1.181,1.156,0.9990000000000001,0.067,0.0,0.034,5.358,1.1540000000000001,1.202,0.879,0.131,0.0,0.044000000000000004,5.2270002365112305,1.28948748111725,0.8101989030838009,0.0957312509417534,0.0,0.043289776891470004,5.033,1.24886,0.80029,0.05822000000000001,0.04127,0.0,5.033,1.24886,0.80029,0.05822000000000001,0.04127,0.0
77,Hong Kong S.A.R. of China,East Asia,5.510399818,10.934671400000001,0.8459690809999999,76.77170563,0.7798337940000001,0.134979904,0.420607209,,,,,,,,,,,,,,,,,,,,,,,,,,,,,,,,
78,Croatia,Central and Eastern Europe,5.504700184,10.07087517,0.874623716,70.21490479,0.714838803,-0.128538325,0.916495264,5.432,1.155,1.266,0.914,0.29600000000000004,0.11900000000000001,0.022000000000000002,5.321000000000001,1.115,1.161,0.737,0.38,0.12,0.039,5.2930002212524405,1.22255623340607,0.701288521289825,0.255772292613983,0.248002976179123,0.0431031100451946,5.4879999999999995,1.18649,0.70524,0.23906999999999998,0.04002,0.18434,5.4879999999999995,1.18649,0.70524,0.23906999999999998,0.04002,0.18434
79,Libya,Middle East and North Africa,5.488800049,9.789815903,0.8259429340000001,62.29999924,0.773157001,-0.085054487,0.668779135,5.525,1.044,1.3030000000000002,0.6729999999999999,0.41600000000000004,0.133,0.152,5.566,0.985,1.35,0.5529999999999999,0.496,0.11599999999999999,0.14800000000000002,5.525000095367429,1.1018030643463101,0.520169019699097,0.465733230113983,0.15207366645336198,0.0926102101802826,5.615,1.0668799999999998,0.52304,0.40671999999999997,0.10339000000000001,0.17087,5.615,1.0668799999999998,0.52304,0.40671999999999997,0.10339000000000001,0.17087
80,Mongolia,East Asia,5.4562001229999995,9.412186623,0.9371424909999999,62.30448532,0.693351328,0.09809386699999999,0.863511205,5.285,0.948,1.531,0.667,0.317,0.235,0.038,5.125,0.914,1.517,0.575,0.395,0.253,0.032,4.95499992370605,1.0272358655929599,0.557783484458923,0.39414396882057207,0.338464230298996,0.0329022891819477,4.907,0.9885299999999999,0.55469,0.35972,0.03285,0.34539000000000003,4.907,0.9885299999999999,0.55469,0.35972,0.03285,0.34539000000000003
81,Malaysia,Southeast Asia,5.384300232,10.26251888,0.816509426,67.10215759,0.8946268559999999,0.11472679699999999,0.8393023009999999,5.3389999999999995,1.2209999999999999,1.171,0.828,0.508,0.26,0.024,6.322,1.161,1.258,0.669,0.35600000000000004,0.311,0.059000000000000004,6.08400011062622,1.29121541976929,0.618784427642822,0.40226498246192893,0.416608929634094,0.0656007081270218,6.005,1.25142,0.62366,0.39031,0.09081,0.41473999999999994,6.005,1.25142,0.62366,0.39031,0.09081,0.41473999999999994
82,Vietnam,Southeast Asia,5.353499889,8.809545517,0.849987149,67.95273590000001,0.939592957,-0.094533332,0.79642123,5.175,0.741,1.3459999999999999,0.851,0.5429999999999999,0.147,0.073,5.103,0.715,1.365,0.7020000000000001,0.618,0.177,0.079,5.07399988174438,0.7885475754737851,0.6521689891815191,0.571055591106415,0.23496805131435397,0.0876332372426987,5.061,0.74037,0.66157,0.5595399999999999,0.11556,0.25075,5.061,0.74037,0.66157,0.5595399999999999,0.11556,0.25075
83,Indonesia,Southeast Asia,5.285600185,9.36975193,0.808379889,62.15584946,0.8706144090000001,0.519586504,0.876296401,5.192,0.9309999999999999,1.203,0.66,0.491,0.498,0.027999999999999997,5.093,0.899,1.215,0.522,0.5379999999999999,0.484,0.018000000000000002,5.26200008392334,0.995538592338562,0.49234572052955605,0.443323463201523,0.611704587936401,0.0153171354904771,5.314,0.95104,0.49373999999999996,0.39237,0.00322,0.56521,5.314,0.95104,0.49373999999999996,0.39237,0.00322,0.56521
84,Ivory Coast,Sub-Saharan Africa,5.233300208999999,8.225561142,0.658048689,49.50377274,0.727909327,-0.043991156,0.7907719609999999,4.944,0.569,0.8079999999999999,0.23199999999999998,0.35200000000000004,0.154,0.09,4.671,0.541,0.872,0.08,0.467,0.146,0.10300000000000001,4.17999982833862,0.6030489206314089,0.0486421696841717,0.4477061927318571,0.201237469911575,0.130061775445938,3.9160000000000004,0.55507,0.04476,0.40663,0.1553,0.20338,3.9160000000000004,0.55507,0.04476,0.40663,0.1553,0.20338
85,Benin,Sub-Saharan Africa,5.21600008,7.674319744,0.46867114299999996,54.31246567,0.735182583,-0.003537213,0.7405325770000001,4.883,0.39299999999999996,0.43700000000000006,0.397,0.349,0.175,0.08199999999999999,4.141,0.37799999999999995,0.37200000000000005,0.24,0.44,0.163,0.067,3.65700006484985,0.43108540773391707,0.20993021130561804,0.42596277594566295,0.207948461174965,0.0609290152788162,3.484,0.39499,0.21028000000000002,0.39747,0.06681000000000001,0.2018,3.484,0.39499,0.21028000000000002,0.39747,0.06681000000000001,0.2018
86,Maldives,South Asia,5.197599888,9.518632889,0.91316092,70.59999847,0.8539627790000001,0.038085497999999995,0.824211061,,,,,,,,,,,,,,,,,,,,,,,,,,,,,,,,
87,Congo (Brazzaville),Sub-Saharan Africa,5.1943998339999995,8.536987305,0.6402280929999999,57.92448044,0.7190585140000001,-0.123674095,0.7517790790000001,4.812,0.6729999999999999,0.799,0.508,0.37200000000000005,0.105,0.09300000000000001,4.559,0.682,0.8109999999999999,0.34299999999999997,0.514,0.091,0.077,4.29099988937378,0.8089642524719242,0.28995743393898,0.4350258708000179,0.12085212767124198,0.0796181336045265,4.236000000000001,0.7710899999999999,0.28212,0.37938,0.09752999999999999,0.12077,4.236000000000001,0.7710899999999999,0.28212,0.37938,0.09752999999999999,0.12077
88,Azerbaijan,Commonwealth of Independent States,5.164800167,9.687726974,0.819308281,65.50839996,0.786824107,-0.24025528100000001,0.55253756,5.207999999999999,1.043,1.147,0.769,0.35100000000000003,0.035,0.182,5.2010000000000005,1.024,1.161,0.603,0.43,0.031,0.17600000000000002,5.234000205993651,1.1536017656326298,0.5407757759094239,0.39815583825111406,0.0452693402767181,0.180987507104874,5.291,1.12373,0.54504,0.35327,0.17914000000000002,0.0564,5.291,1.12373,0.54504,0.35327,0.17914000000000002,0.0564
89,Macedonia,Central and Eastern Europe,5.1598000530000006,9.510591507000001,0.820392311,67.50442505,0.738840938,-0.019877451,0.8974905009999999,,,,,,,,5.185,0.9590000000000001,1.239,0.691,0.39399999999999996,0.17300000000000001,0.052000000000000005,5.175000190734861,1.06457793712616,0.644948184490204,0.325905978679657,0.25376096367836,0.0602777935564518,5.121,1.0193,0.6473800000000001,0.27668000000000004,0.07047,0.23506999999999997,5.121,1.0193,0.6473800000000001,0.27668000000000004,0.07047,0.23506999999999997
90,Ghana,Sub-Saharan Africa,5.1479997630000005,8.350645065,0.728601098,57.20398712,0.794796526,0.09417085300000001,0.8479647640000001,4.996,0.611,0.868,0.486,0.381,0.245,0.04,4.657,0.5920000000000001,0.8959999999999999,0.337,0.499,0.212,0.028999999999999998,4.11999988555908,0.667224824428558,0.29563772678375205,0.423026293516159,0.25692394375801103,0.0253363698720932,4.276,0.63107,0.29681,0.40973000000000004,0.0326,0.21203000000000002,4.276,0.63107,0.29681,0.40973000000000004,0.0326,0.21203000000000002
91,Nepal,South Asia,5.137199879,7.925357342000001,0.785512447,63.77917862,0.797565043,0.154168829,0.7380991579999999,4.913,0.446,1.226,0.677,0.439,0.285,0.08900000000000001,4.88,0.425,1.228,0.539,0.526,0.302,0.078,4.961999893188481,0.479820191860199,0.504130780696869,0.44030594825744607,0.39409616589546204,0.0729755461215973,4.793,0.44626000000000005,0.50073,0.37012,0.07007999999999999,0.3816,4.793,0.44626000000000005,0.50073,0.37012,0.07007999999999999,0.3816
92,Turkey,Middle East and North Africa,5.131800175,10.12941933,0.826313555,66.90281677,0.6088304520000001,-0.17104643600000002,0.748197377,5.372999999999999,1.183,1.36,0.8079999999999999,0.195,0.083,0.106,5.483,1.148,1.38,0.6859999999999999,0.324,0.106,0.109,5.5,1.1982743740081798,0.6376056075096129,0.300740599632263,0.0466930419206619,0.0996715798974037,5.388999999999999,1.1649200000000002,0.64718,0.23889000000000002,0.12347999999999999,0.04707,5.388999999999999,1.1649200000000002,0.64718,0.23889000000000002,0.12347999999999999,0.04707
93,China,East Asia,5.123899937,9.688568115,0.798760593,69.2891922,0.898517907,-0.18142575,0.7539710999999999,5.191,1.0290000000000001,1.125,0.893,0.521,0.057999999999999996,0.1,5.246,0.9890000000000001,1.1420000000000001,0.799,0.597,0.028999999999999998,0.10300000000000001,5.2729997634887695,1.08116579055786,0.741415500640869,0.47278770804405196,0.0288068410009146,0.0227942746132612,5.245,1.0278,0.73561,0.44011999999999996,0.02745,0.049589999999999995,5.245,1.0278,0.73561,0.44011999999999996,0.02745,0.049589999999999995
94,Turkmenistan,Commonwealth of Independent States,5.119100093999999,9.74803257,0.958966196,62.21170807,0.8264570240000001,0.187671542,0.883691847,5.247000000000001,1.052,1.538,0.657,0.39399999999999996,0.244,0.027999999999999997,5.636,1.016,1.5330000000000001,0.517,0.41700000000000004,0.19899999999999998,0.037000000000000005,5.82200002670288,1.1307767629623402,0.437726080417633,0.41827192902565,0.24992498755454998,0.25927034020423895,5.6579999999999995,1.08017,0.44006000000000006,0.37408,0.28467,0.22566999999999998,5.6579999999999995,1.08017,0.44006000000000006,0.37408,0.28467,0.22566999999999998
95,Bulgaria,Central and Eastern Europe,5.101500034,9.869318962000001,0.937840343,66.80397797,0.745178163,-0.143908441,0.9355851409999999,5.011,1.092,1.5130000000000001,0.815,0.311,0.081,0.004,4.933,1.054,1.515,0.7120000000000001,0.359,0.064,0.009000000000000001,4.71400022506714,1.1614590883255,0.708217680454254,0.28923171758651695,0.113177694380283,0.0110515309497714,4.217,1.11306,0.67806,0.21219000000000002,0.00615,0.12793,4.217,1.11306,0.67806,0.21219000000000002,0.00615,0.12793
96,Morocco,Middle East and North Africa,5.094799995,8.940313339,0.5926284789999999,65.89624023,0.772072434,-0.240377247,0.8157246109999999,5.207999999999999,0.8009999999999999,0.782,0.782,0.418,0.036000000000000004,0.076,5.254,0.779,0.797,0.669,0.46,0.026000000000000002,0.07400000000000001,5.2350001335144,0.8781145811080929,0.59771066904068,0.408158332109451,0.0322099551558495,0.0877631828188896,5.151,0.8405799999999999,0.5947100000000001,0.25645999999999997,0.08404,0.040530000000000004,5.151,0.8405799999999999,0.5947100000000001,0.25645999999999997,0.08404,0.040530000000000004
97,Cameroon,Sub-Saharan Africa,5.084899902,8.118647575,0.700386405,52.704940799999996,0.7630518079999999,-0.00149645,0.8513365979999999,5.044,0.5489999999999999,0.91,0.331,0.381,0.187,0.037000000000000005,4.975,0.535,0.8909999999999999,0.182,0.45399999999999996,0.183,0.043,4.69500017166138,0.564305365085602,0.132892116904259,0.430388748645782,0.23629845678806302,0.0513066314160824,4.513,0.5249699999999999,0.12697999999999998,0.42736,0.06126,0.2268,4.513,0.5249699999999999,0.12697999999999998,0.42736,0.06126,0.2268
98,Venezuela,Latin America and Caribbean,5.053199768,8.977793693999999,0.890408158,66.50534058,0.62327832,-0.16909050899999997,0.837038398,4.707,0.96,1.4269999999999998,0.805,0.154,0.064,0.047,4.806,0.996,1.469,0.657,0.133,0.055999999999999994,0.052000000000000005,5.25,1.12843120098114,0.617144227027893,0.15399712324142498,0.0650196298956871,0.0644911229610443,6.084,1.1336700000000002,0.6190399999999999,0.19847,0.08304,0.0425,6.084,1.1336700000000002,0.6190399999999999,0.19847,0.08304,0.0425
99,Algeria,Middle East and North Africa,5.005099773,9.537964821000001,0.8033851390000001,65.90517426,0.46661090899999996,-0.121105164,0.7354851370000001,5.211,1.002,1.16,0.785,0.086,0.073,0.114,5.295,0.9790000000000001,1.1540000000000001,0.687,0.077,0.055,0.135,5.872000217437741,1.09186446666718,0.6175846457481379,0.233335807919502,0.0694366469979286,0.14609611034393302,6.355,1.05266,0.6180399999999999,0.21006,0.16157,0.07044,6.355,1.05266,0.6180399999999999,0.21006,0.16157,0.07044
100,Senegal,Sub-Saharan Africa,4.980800152,8.118982315,0.723616004,59.59915161,0.6905961629999999,-0.052335154,0.808785141,4.681,0.45,1.1340000000000001,0.5710000000000001,0.292,0.153,0.07200000000000001,4.631,0.429,1.117,0.433,0.406,0.138,0.08199999999999999,4.53499984741211,0.479309022426605,0.409362852573395,0.37792226672172496,0.183468893170357,0.11546044796705199,4.218999999999999,0.44314,0.40457,0.31056,0.11681,0.19103,4.218999999999999,0.44314,0.40457,0.31056,0.11681,0.19103
101,Guinea,Sub-Saharan Africa,4.949299812,7.750990391,0.637573481,54.46780014,0.7068467740000001,0.076328471,0.761794448,4.534,0.38,0.8290000000000001,0.375,0.332,0.207,0.086,3.964,0.344,0.792,0.21100000000000002,0.39399999999999996,0.185,0.094,3.50699996948242,0.24454993009567302,0.194129139184952,0.348587512969971,0.264815092086792,0.110937617719173,3.6069999999999998,0.22415,0.18829,0.30953,0.1192,0.29914,3.6069999999999998,0.22415,0.18829,0.30953,0.1192,0.29914
102,Niger,Sub-Saharan Africa,4.909599781,6.842166901000001,0.617435038,53.50009537,0.759772122,0.013860817,0.722530186,4.628,0.138,0.774,0.366,0.318,0.188,0.102,4.166,0.131,0.867,0.221,0.39,0.175,0.099,4.02799987792969,0.16192533075809498,0.26850500702858,0.36365869641304,0.22867384552955602,0.13857294619083402,3.8560000000000003,0.1327,0.26161999999999996,0.38040999999999997,0.17176,0.2097,3.8560000000000003,0.1327,0.26161999999999996,0.38040999999999997,0.17176,0.2097
103,Laos,Southeast Asia,4.888599873,8.79858017,0.7375022170000001,58.70992279,0.907213569,0.11137148,0.634679317,4.796,0.764,1.03,0.551,0.547,0.266,0.16399999999999998,4.623,0.72,1.034,0.441,0.626,0.23,0.174,,,,,,,4.876,0.68042,0.38291,0.52168,0.22423,0.43078999999999995,4.876,0.68042,0.38291,0.52168,0.22423,0.43078999999999995
104,Albania,Central and Eastern Europe,4.882699966000001,9.417930603,0.671070457,68.70813751,0.7819942240000001,-0.042309489000000006,0.896303713,4.718999999999999,0.9470000000000001,0.848,0.8740000000000001,0.38299999999999995,0.17800000000000002,0.027000000000000003,4.586,0.9159999999999999,0.8170000000000001,0.79,0.419,0.149,0.032,4.64400005340576,0.996192753314972,0.731159746646881,0.381498634815216,0.20131294429302202,0.0398642159998417,4.655,0.9553,0.73007,0.31866,0.05301,0.1684,4.655,0.9553,0.73007,0.31866,0.05301,0.1684
105,Cambodia,Southeast Asia,4.8484001160000005,8.249890327000001,0.773080647,61.52996826,0.9597046379999999,0.051911179,0.8227690459999999,4.7,0.574,1.122,0.637,0.609,0.23199999999999998,0.062,4.433,0.5489999999999999,1.088,0.457,0.696,0.256,0.065,4.1680002212524405,0.6017650961875921,0.429783403873444,0.633375823497772,0.385922968387604,0.0681059509515762,3.907,0.55604,0.42494,0.5885199999999999,0.08092,0.40339,3.907,0.55604,0.42494,0.5885199999999999,0.08092,0.40339
106,Bangladesh,South Asia,4.832799911,8.287063599,0.687292993,64.50306702,0.90062499,-0.033664726,0.661843538,4.456,0.562,0.9279999999999999,0.723,0.527,0.166,0.14300000000000002,4.5,0.532,0.85,0.579,0.58,0.153,0.14400000000000002,4.60799980163574,0.586682975292206,0.533241033554077,0.478356659412384,0.17225535213947304,0.123717859387398,4.643,0.54177,0.52989,0.39778,0.12583,0.19132000000000002,4.643,0.54177,0.52989,0.39778,0.12583,0.19132000000000002
107,Gabon,Sub-Saharan Africa,4.829299927,9.680537224,0.787886858,59.71533966,0.7048292159999999,-0.22226162300000002,0.8491509559999999,4.7989999999999995,1.057,1.183,0.5710000000000001,0.295,0.043,0.055,4.758,1.036,1.1640000000000001,0.40399999999999997,0.35600000000000004,0.032,0.052000000000000005,4.46500015258789,1.1982102394104,0.35657858848571794,0.31232857704162603,0.0437853783369064,0.0760467872023582,4.121,1.15851,0.3494,0.28098,0.09314,0.062439999999999996,4.121,1.15851,0.3494,0.28098,0.09314,0.062439999999999996
108,South Africa,Sub-Saharan Africa,4.814099789,9.403370857,0.8525322679999999,56.50601196,0.7593300940000001,-0.10977732400000001,0.843423843,4.7219999999999995,0.96,1.351,0.469,0.389,0.13,0.055,4.724,0.94,1.41,0.33,0.516,0.10300000000000001,0.055999999999999994,4.8289999961853,1.05469870567322,0.18708007037639604,0.479246735572815,0.13936237990856198,0.0725094974040985,4.459,1.02416,0.18611,0.42483000000000004,0.08415,0.13656,4.459,1.02416,0.18611,0.42483000000000004,0.08415,0.13656
109,Iraq,Middle East and North Africa,4.7848000530000006,9.661095619,0.7476949690000001,59.90354919,0.633182645,-0.06956476,0.82226181,4.437,1.043,0.98,0.574,0.24100000000000002,0.14800000000000002,0.08900000000000001,4.456,1.01,0.971,0.536,0.304,0.14800000000000002,0.095,4.49700021743774,1.1027104854583702,0.501180469989777,0.288555532693863,0.19963726401329,0.10721575468778599,4.575,1.07474,0.51076,0.24856,0.13635999999999998,0.19589,4.575,1.07474,0.51076,0.24856,0.13635999999999998,0.19589
110,Lebanon,Middle East and North Africa,4.771500111,9.3617239,0.824338138,67.10658264,0.5513575079999999,-0.06121527,0.90225625,5.197,0.987,1.224,0.815,0.21600000000000003,0.166,0.027000000000000003,5.358,0.965,1.179,0.785,0.503,0.214,0.136,5.22499990463257,1.07498753070831,0.7350810766220089,0.28851598501205394,0.26445075869560203,0.037513829767704,5.129,1.12268,0.76171,0.26228,0.030610000000000002,0.23693000000000003,5.129,1.12268,0.76171,0.26228,0.030610000000000002,0.23693000000000003
111,Burkina Faso,Sub-Saharan Africa,4.768700123,7.46854496,0.7129436140000001,53.88945389,0.665563583,-0.019080516000000002,0.739795029,4.587,0.331,1.056,0.38,0.255,0.177,0.113,4.4239999999999995,0.314,1.097,0.254,0.312,0.175,0.128,4.03200006484985,0.35022771358490007,0.21584425866603896,0.32436785101890603,0.250864684581757,0.12032810598611803,3.739,0.31995,0.21297,0.3337,0.12533,0.24353000000000002,3.739,0.31995,0.21297,0.3337,0.12533,0.24353000000000002
112,Gambia,Sub-Saharan Africa,4.750599861,7.321814537000001,0.6931687,55.01201629999999,0.733163178,0.34319871700000004,0.6907178159999999,4.516,0.308,0.9390000000000001,0.428,0.382,0.26899999999999996,0.16699999999999998,,,,,,,,,,,,,,,,,,,,,,,,,
113,Mali,Sub-Saharan Africa,4.729300021999999,7.629852295,0.7314689759999999,51.72698212,0.71156615,-0.044366925999999994,0.839328408,4.39,0.385,1.105,0.308,0.327,0.153,0.052000000000000005,4.447,0.37,1.2329999999999999,0.152,0.36700000000000005,0.139,0.055999999999999994,4.19000005722046,0.476180493831635,0.16936567425727803,0.306613743305206,0.183354198932648,0.10497024655342098,4.073,0.31292,0.16347,0.27544,0.13647,0.21064000000000002,4.073,0.31292,0.16347,0.27544,0.13647,0.21064000000000002
114,Nigeria,Sub-Saharan Africa,4.724100113,8.57662487,0.73721689,49.86190796,0.759578407,0.033745807,0.861874342,5.265,0.696,1.111,0.245,0.426,0.215,0.040999999999999995,5.155,0.6890000000000001,1.172,0.048,0.462,0.201,0.032,5.07399988174438,0.783756256103516,0.0569157302379608,0.394952565431595,0.23094719648361198,0.0261215660721064,4.875,0.75216,0.05108,0.27854,0.0305,0.23219,4.875,0.75216,0.05108,0.27854,0.0305,0.23219
115,Armenia,Commonwealth of Independent States,4.676799774,9.100476265,0.7574794290000001,66.75065613,0.7120178340000001,-0.13877961,0.7735447879999999,4.559,0.85,1.055,0.815,0.28300000000000003,0.095,0.064,4.321000000000001,0.816,0.99,0.6659999999999999,0.26,0.077,0.027999999999999997,4.37599992752075,0.900596737861633,0.637524425983429,0.198303267359734,0.0834880918264389,0.0266744215041399,4.36,0.8608600000000001,0.64083,0.14037,0.036160000000000005,0.07793,4.36,0.8608600000000001,0.64083,0.14037,0.036160000000000005,0.07793
116,Georgia,Commonwealth of Independent States,4.672599792,9.226100922,0.629033029,64.49520874,0.8016415240000001,-0.22892037,0.665944695,4.519,0.8859999999999999,0.6659999999999999,0.752,0.34600000000000003,0.043,0.16399999999999998,4.34,0.853,0.5920000000000001,0.643,0.375,0.038,0.215,4.28599977493286,0.950612664222717,0.649546980857849,0.309410035610199,0.0540088154375553,0.25166663527488703,4.252,0.8379200000000001,0.64035,0.32461,0.3188,0.06786,4.252,0.8379200000000001,0.64035,0.32461,0.3188,0.06786
117,Iran,Middle East and North Africa,4.672399998,9.813719749,0.6946896909999999,66.00614929,0.647873282,0.11789110300000001,0.714635968,4.548,1.1,0.8420000000000001,0.785,0.305,0.27,0.125,4.707,1.0590000000000002,0.7709999999999999,0.691,0.45899999999999996,0.282,0.129,4.69199991226196,1.15687310695648,0.639333188533783,0.24932260811328896,0.387242913246155,0.048761073499918005,4.813,1.11758,0.64232,0.22544,0.0557,0.38538,4.813,1.11758,0.64232,0.22544,0.0557,0.38538
118,Jordan,Middle East and North Africa,4.6333999630000005,9.025999069,0.80216372,66.79975128,0.75104779,-0.162565202,0.700344324,4.906000000000001,0.8370000000000001,1.225,0.815,0.38299999999999995,0.11,0.13,5.1610000000000005,0.8220000000000001,1.265,0.645,0.46799999999999997,0.13,0.134,5.33599996566772,0.9910123944282528,0.6045900583267211,0.418421149253845,0.17217046022415197,0.11980327218771002,5.303,0.9967299999999999,0.60712,0.36023,0.13297,0.14262,5.303,0.9967299999999999,0.60712,0.36023,0.13297,0.14262
119,Mozambique,Sub-Saharan Africa,4.623600006,7.069345951,0.723874032,54.20582199,0.864451885,0.032375867999999995,0.683019102,4.466,0.204,0.986,0.39,0.494,0.19699999999999998,0.138,4.417,0.198,0.902,0.17300000000000001,0.531,0.20600000000000002,0.158,4.550000190734861,0.23430564999580397,0.10665443539619399,0.48079109191894503,0.322228103876114,0.17943638563156103,,,,,,,,,,,,
120,Kenya,Sub-Saharan Africa,4.583000183,8.02977562,0.702652037,60.09693146,0.829747558,0.294681519,0.831499159,4.5089999999999995,0.512,0.983,0.581,0.431,0.37200000000000005,0.053,4.41,0.493,1.048,0.45399999999999996,0.504,0.35200000000000004,0.055,4.55299997329712,0.560479462146759,0.30998834967613204,0.45276376605033897,0.444860309362411,0.0646413192152977,4.356,0.52267,0.30146999999999996,0.40576,0.06686,0.41328000000000004,4.356,0.52267,0.30146999999999996,0.40576,0.06686,0.41328000000000004
121,Namibia,Sub-Saharan Africa,4.571100235,9.203141212,0.846880972,56.50148773,0.767520964,-0.18530646,0.8514497879999999,4.638999999999999,0.879,1.3130000000000002,0.47700000000000004,0.401,0.07,0.055999999999999994,4.441,0.8740000000000001,1.281,0.365,0.519,0.051,0.064,4.57399988174438,0.964434325695038,0.33861181139946,0.520303547382355,0.0771337449550629,0.0931469723582268,4.574,0.9328700000000001,0.34745,0.48613999999999996,0.10397999999999999,0.07795,4.574,0.9328700000000001,0.34745,0.48613999999999996,0.10397999999999999,0.07795
122,Ukraine,Commonwealth of Independent States,4.56069994,9.010690689,0.878879368,64.60678101,0.663081884,-0.030933706000000002,0.920636714,4.332,0.82,1.39,0.7390000000000001,0.17800000000000002,0.187,0.01,4.103,0.7929999999999999,1.413,0.609,0.163,0.187,0.011000000000000001,4.09600019454956,0.89465194940567,0.575903952121735,0.12297477573156401,0.270061463117599,0.0230294708162546,4.324,0.87287,0.58628,0.12859,0.01829,0.20363,4.324,0.87287,0.58628,0.12859,0.01829,0.20363
123,Liberia,Sub-Saharan Africa,4.557899952,7.054380417000001,0.70928055,56.09631348,0.735268712,0.04227322,0.8563759329999999,3.975,0.073,0.922,0.44299999999999995,0.37,0.233,0.033,3.495,0.076,0.858,0.267,0.419,0.20600000000000002,0.03,3.5329999923706095,0.11904179304838199,0.229918196797371,0.33288118243217496,0.26654988527298,0.0389482490718365,3.622,0.10705999999999999,0.23165,0.25748000000000004,0.04852,0.24063,3.622,0.10705999999999999,0.23165,0.25748000000000004,0.04852,0.24063
124,Palestinian Territories,Middle East and North Africa,4.552800179,8.389223099,0.825295925,62.25,0.645791829,-0.162079096,0.824199975,4.696000000000001,0.657,1.247,0.672,0.225,0.10300000000000001,0.066,4.743,0.642,1.217,0.602,0.266,0.086,0.076,4.77500009536743,0.716249227523804,0.565666973590851,0.25471106171608,0.114173173904419,0.0892826020717621,4.754,0.67024,0.56844,0.17744000000000001,0.10613,0.11154000000000001,4.754,0.67024,0.56844,0.17744000000000001,0.10613,0.11154000000000001
125,Uganda,Sub-Saharan Africa,4.43200016,7.500389576,0.7649946209999999,55.70820236,0.7317139509999999,0.099487431,0.8367378120000001,4.189,0.332,1.069,0.44299999999999995,0.35600000000000004,0.252,0.06,4.1610000000000005,0.322,1.09,0.237,0.45,0.259,0.061,4.08099985122681,0.381430715322495,0.21763260662555703,0.443185955286026,0.32576605677604703,0.057069718837738,3.739,0.34719,0.19625,0.43653000000000003,0.06442,0.27102,3.739,0.34719,0.19625,0.43653000000000003,0.06442,0.27102
126,Chad,Sub-Saharan Africa,4.422699928,7.467963696,0.632388055,48.22053909,0.587305248,0.017834719,0.8027608390000001,4.35,0.35,0.7659999999999999,0.192,0.174,0.198,0.078,4.301,0.358,0.907,0.053,0.18899999999999997,0.18100000000000002,0.06,3.9360001087188703,0.43801298737525896,0.0411347150802612,0.16234202682972002,0.21611385047435802,0.0535818822681904,3.763,0.42213999999999996,0.038239999999999996,0.12807000000000002,0.04952,0.18667,3.763,0.42213999999999996,0.038239999999999996,0.12807000000000002,0.04952,0.18667
127,Tunisia,Middle East and North Africa,4.392199993,9.314972877999999,0.6887185570000001,66.89785767,0.593361557,-0.216413811,0.867590249,4.461,0.9209999999999999,1.0,0.815,0.16699999999999998,0.059000000000000004,0.055,4.592,0.9,0.9059999999999999,0.69,0.271,0.04,0.063,4.80499982833862,1.00726580619812,0.613212049007416,0.289680689573288,0.0496933571994305,0.0867231488227844,5.045,0.97724,0.59577,0.23553000000000002,0.0817,0.03936,5.045,0.97724,0.59577,0.23553000000000002,0.0817,0.03936
128,Mauritania,Sub-Saharan Africa,4.374599934,8.233919144,0.7908192279999999,57.01017761,0.551522553,-0.10600814199999999,0.746223509,4.49,0.57,1.167,0.489,0.066,0.106,0.08800000000000001,4.356,0.557,1.245,0.292,0.129,0.134,0.09300000000000001,4.29199981689453,0.6484572887420649,0.285349279642105,0.0960980430245399,0.201870024204254,0.136957004666328,4.2010000000000005,0.6139100000000001,0.28639000000000003,0.1268,0.17955,0.22685999999999998,4.2010000000000005,0.6139100000000001,0.28639000000000003,0.1268,0.17955,0.22685999999999998
129,Sri Lanka,South Asia,4.327000141,9.389969826,0.825374067,67.20006561,0.837633669,0.081129618,0.859001756,4.3660000000000005,0.9490000000000001,1.265,0.831,0.47,0.244,0.047,4.471,0.9179999999999999,1.314,0.672,0.585,0.307,0.05,4.44000005722046,1.00985014438629,0.625130832195282,0.561213254928589,0.49086356163024897,0.0736539661884308,4.415,0.9731799999999999,0.62007,0.50817,0.07964,0.46978000000000003,4.415,0.9731799999999999,0.62007,0.50817,0.07964,0.46978000000000003
130,Congo (Kinshasa),Sub-Saharan Africa,4.31099987,6.694256306000001,0.6721590159999999,52.90000153,0.700793564,0.083637655,0.809403598,4.418,0.094,1.125,0.35700000000000004,0.26899999999999996,0.212,0.053,4.245,0.069,1.136,0.204,0.312,0.19699999999999998,0.052000000000000005,4.2800002098083505,0.0921023488044739,0.191407024860382,0.235961347818375,0.246455833315849,0.0602413564920425,4.272,0.05661,0.188,0.15602,0.06075,0.25458000000000003,4.272,0.05661,0.188,0.15602,0.06075,0.25458000000000003
131,Swaziland,Sub-Saharan Africa,4.3081002239999995,9.16267395,0.7702901959999999,51.18823624,0.646822274,-0.19920142,0.708263338,4.212,0.8109999999999999,1.149,0.0,0.313,0.07400000000000001,0.135,,,,,,,,,,,,,,,,,,,,,,,,,
132,Myanmar,Southeast Asia,4.308000088,8.680481911000001,0.78440702,58.96171188,0.895075202,0.560663998,0.645124316,4.36,0.71,1.181,0.555,0.525,0.5660000000000001,0.172,4.308,0.682,1.1740000000000002,0.429,0.58,0.598,0.17800000000000002,4.54500007629395,0.36711055040359497,0.397522568702698,0.514492034912109,0.8380751609802249,0.188816204667091,4.395,0.34112,0.3988,0.42691999999999997,0.20243,0.81971,4.395,0.34112,0.3988,0.42691999999999997,0.20243,0.81971
133,Comoros,Sub-Saharan Africa,4.288599968,7.833630085,0.625662446,57.34901047,0.547612607,0.09000840800000001,0.780622602,3.9730000000000003,0.27399999999999997,0.757,0.505,0.142,0.275,0.078,,,,,,,,,,,,,,3.9560000000000004,0.27509,0.29980999999999997,0.15412,0.18437,0.1827,3.9560000000000004,0.27509,0.29980999999999997,0.15412,0.18437,0.1827
134,Togo,Sub-Saharan Africa,4.187200069,7.357711315,0.551312625,54.71989822,0.6498286129999999,0.002667875,0.7577334640000001,4.085,0.275,0.5720000000000001,0.41,0.293,0.177,0.085,3.9989999999999997,0.259,0.474,0.253,0.434,0.158,0.10099999999999999,3.4949998855590803,0.30544471740722695,0.247105568647385,0.38042613863945,0.19689615070819896,0.0956650152802467,3.303,0.28123000000000004,0.24811,0.34678000000000003,0.11587,0.17517,3.303,0.28123000000000004,0.24811,0.34678000000000003,0.11587,0.17517
135,Ethiopia,Sub-Saharan Africa,4.186200142,7.5093855860000005,0.743307352,58.63959122,0.740795195,0.043377332000000005,0.7536900040000001,4.2860000000000005,0.336,1.033,0.532,0.344,0.209,0.1,4.35,0.308,0.95,0.391,0.452,0.22,0.146,4.46000003814697,0.339233845472336,0.35340970754623396,0.408842742443085,0.31265074014663696,0.16545571386814098,4.508,0.29283000000000003,0.34578000000000003,0.36703,0.1717,0.29522,4.508,0.29283000000000003,0.34578000000000003,0.36703,0.1717,0.29522
136,Madagascar,Sub-Saharan Africa,4.165599823,7.281685829,0.668195903,59.10542679,0.5575740929999999,-0.011823638999999999,0.8174856309999999,3.9330000000000003,0.27399999999999997,0.9159999999999999,0.555,0.14800000000000002,0.16899999999999998,0.040999999999999995,3.7739999999999996,0.262,0.9079999999999999,0.402,0.221,0.155,0.049,3.64400005340576,0.305808693170547,0.375223308801651,0.18919676542282102,0.208732530474663,0.0672319754958153,3.695,0.27954,0.37109000000000003,0.13684000000000002,0.07506,0.2204,3.695,0.27954,0.37109000000000003,0.13684000000000002,0.07506,0.2204
137,Egypt,Middle East and North Africa,4.151400089,9.316541672,0.7354478240000001,61.78015137,0.708354175,-0.196878314,0.787726879,4.166,0.9129999999999999,1.0390000000000001,0.644,0.24100000000000002,0.076,0.067,4.419,0.885,1.025,0.5529999999999999,0.312,0.092,0.107,4.7350001335144,0.989701807498932,0.520187258720398,0.28211015462875394,0.128631442785263,0.114381365478039,4.362,0.95395,0.5211600000000001,0.18847,0.10393,0.12705999999999998,4.362,0.95395,0.5211600000000001,0.18847,0.10393,0.12705999999999998
138,Sierra Leone,Sub-Saharan Africa,3.926399946,7.26880312,0.636142015,50.86514282,0.715315044,0.088660747,0.861330688,4.374,0.268,0.841,0.242,0.309,0.252,0.045,4.571000000000001,0.256,0.813,0.0,0.355,0.23800000000000002,0.053,4.70900011062622,0.36842092871666,0.005564753897488121,0.318697690963745,0.293040901422501,0.0710951760411263,4.635,0.36485,0.0,0.30685,0.08196,0.23897,4.635,0.36485,0.0,0.30685,0.08196,0.23897
139,Burundi,Sub-Saharan Africa,3.775300026,6.492642403,0.490325719,53.40000153,0.626350224,-0.017551597,0.606934547,3.775,0.046,0.447,0.38,0.22,0.17600000000000002,0.18,2.905,0.091,0.627,0.145,0.065,0.149,0.076,2.90499997138977,0.09162256866693501,0.151610791683197,0.0599007532000542,0.20443518459796897,0.0841479450464249,2.905,0.06831,0.15747,0.0432,0.09419,0.2029,2.905,0.06831,0.15747,0.0432,0.09419,0.2029
140,Zambia,Sub-Saharan Africa,3.759399891,8.224720001,0.698824465,55.29937744,0.806500256,0.078037128,0.801289678,4.107,0.578,1.058,0.426,0.431,0.247,0.087,4.377,0.562,1.047,0.295,0.503,0.221,0.08199999999999999,4.513999938964839,0.6364067792892459,0.25783589482307395,0.461603492498398,0.249580144882202,0.0782135501503944,4.795,0.61202,0.23573000000000002,0.42662,0.11479,0.17865999999999999,4.795,0.61202,0.23573000000000002,0.42662,0.11479,0.17865999999999999
141,Haiti,Latin America and Caribbean,3.720799923,7.411329268999999,0.593247831,55.59862518,0.537825167,0.40053457,0.6847672459999999,3.597,0.32299999999999995,0.688,0.449,0.026000000000000002,0.419,0.11,3.582,0.315,0.7140000000000001,0.289,0.025,0.392,0.10400000000000001,3.6029999256133998,0.368610262870789,0.277321130037308,0.0303698573261499,0.48920378088951094,0.0998721495270729,4.0280000000000005,0.34097,0.27494,0.12072000000000001,0.14476,0.47958,4.0280000000000005,0.34097,0.27494,0.12072000000000001,0.14476,0.47958
142,Lesotho,Sub-Saharan Africa,3.6528000830000003,7.9604883189999995,0.7804957029999999,48.00362396,0.738125861,-0.145732045,0.857392073,3.802,0.489,1.169,0.168,0.359,0.107,0.09300000000000001,3.8080000000000003,0.47200000000000003,1.215,0.079,0.423,0.11599999999999999,0.11199999999999999,3.80800008773804,0.521021246910095,0.0,0.390661299228668,0.157497271895409,0.119094640016556,,,,,,,,,,,,
143,India,South Asia,3.573299885,8.849823952000001,0.592200935,60.21518707,0.8814448709999999,0.057551607000000005,0.772042692,4.015,0.755,0.765,0.588,0.498,0.2,0.085,4.19,0.721,0.747,0.485,0.539,0.172,0.09300000000000001,4.31500005722046,0.7922212481498722,0.455427616834641,0.469987004995346,0.23153848946094502,0.0922268852591515,4.404,0.74036,0.45091000000000003,0.40285,0.08722,0.25028,4.404,0.74036,0.45091000000000003,0.40285,0.08722,0.25028
144,Malawi,Sub-Saharan Africa,3.538000107,7.062226295,0.544007301,57.59288788,0.803223193,0.021433279,0.731700778,3.41,0.191,0.56,0.495,0.44299999999999995,0.218,0.08900000000000001,3.5869999999999997,0.18600000000000003,0.541,0.306,0.531,0.21,0.08,3.97000002861023,0.233442038297653,0.315089583396912,0.466914653778076,0.28717046976089505,0.0727116540074348,4.156000000000001,0.08709,0.29364,0.4143,0.07564,0.30968,4.156000000000001,0.08709,0.29364,0.4143,0.07564,0.30968
145,Yemen,Middle East and North Africa,3.5274000169999997,7.759682655,0.817980587,56.72728348,0.599920273,-0.157735437,0.800287724,3.38,0.287,1.163,0.46299999999999997,0.14300000000000002,0.10800000000000001,0.077,3.355,0.442,1.073,0.34299999999999997,0.244,0.083,0.064,3.59299993515015,0.5916834473609921,0.310080915689468,0.24946372210979503,0.104125209152699,0.0567674227058887,3.7239999999999998,0.57939,0.31048000000000003,0.2287,0.05892000000000001,0.09821,3.7239999999999998,0.57939,0.31048000000000003,0.2287,0.05892000000000001,0.09821
146,Botswana,Sub-Saharan Africa,3.4788999560000002,9.711203575,0.7791217570000001,58.92445374,0.8213281040000001,-0.250394493,0.777930915,3.488,1.041,1.145,0.5379999999999999,0.455,0.025,0.1,3.59,1.0170000000000001,1.1740000000000002,0.41700000000000004,0.557,0.042,0.092,3.7660000324249303,1.12209415435791,0.34175550937652605,0.505196332931519,0.0993484482169151,0.0985831990838051,3.9739999999999998,1.09426,0.34752,0.44088999999999995,0.10769000000000001,0.12425,3.9739999999999998,1.09426,0.34752,0.44088999999999995,0.10769000000000001,0.12425
147,Tanzania,Sub-Saharan Africa,3.4762001039999997,7.967665195,0.6889331940000001,57.49607468,0.82153976,0.10966868699999999,0.619799435,3.2310000000000003,0.47600000000000003,0.885,0.499,0.41700000000000004,0.276,0.147,3.303,0.455,0.991,0.381,0.48100000000000004,0.27,0.09699999999999999,3.34899997711182,0.511135876178741,0.364509284496307,0.390017777681351,0.354256361722946,0.0660351067781448,3.6660000000000004,0.47155,0.35700000000000004,0.3176,0.05099,0.31472,3.6660000000000004,0.47155,0.35700000000000004,0.3176,0.05099,0.31472
148,Central African Republic,Sub-Saharan Africa,3.475899935,6.625160217,0.31945985600000004,45.20000076,0.640880644,0.082410358,0.891806662,3.083,0.026000000000000002,0.0,0.105,0.225,0.235,0.035,3.083,0.024,0.0,0.01,0.305,0.218,0.038,2.69300007820129,0.0,0.0187726859003305,0.270842045545578,0.280876487493515,0.0565650761127472,,,,,,,,,,,,
149,Rwanda,Sub-Saharan Africa,3.312299967,7.600104332000001,0.54083544,61.09884644,0.9005894059999999,0.055483952,0.183541179,3.3339999999999996,0.359,0.711,0.614,0.555,0.217,0.41100000000000003,3.408,0.332,0.8959999999999999,0.4,0.636,0.2,0.444,3.47099995613098,0.368745893239975,0.326424807310104,0.5818438529968261,0.25275602936744695,0.455220013856888,3.515,0.32846,0.31865,0.5432,0.50521,0.23551999999999998,3.515,0.32846,0.31865,0.5432,0.50521,0.23551999999999998
150,Zimbabwe,Sub-Saharan Africa,3.2992000580000003,7.865711688999999,0.7630927559999999,55.61725998,0.711457908,-0.072063953,0.81023699,3.6630000000000003,0.366,1.114,0.433,0.361,0.151,0.08900000000000001,3.6919999999999997,0.35700000000000004,1.094,0.248,0.406,0.132,0.099,3.875,0.37584653496742204,0.19676375389099102,0.336384207010269,0.189143493771553,0.0953753814101219,4.1930000000000005,0.35041,0.1595,0.25429,0.08582000000000001,0.18503,4.1930000000000005,0.35041,0.1595,0.25429,0.08582000000000001,0.18503
151,South Sudan,Sub-Saharan Africa,2.8166000839999996,7.425359726,0.553707123,51.0,0.451313615,0.016518548,0.7634173040000001,2.853,0.306,0.575,0.295,0.01,0.20199999999999999,0.091,3.2539999999999996,0.337,0.608,0.177,0.11199999999999999,0.22399999999999998,0.106,3.5910000801086404,0.39724862575531,0.163486003875732,0.147062435746193,0.285670816898346,0.116793513298035,3.832,0.39394,0.15780999999999998,0.19662000000000002,0.13015,0.25899,3.832,0.39394,0.15780999999999998,0.19662000000000002,0.13015,0.25899
152,Afghanistan,South Asia,2.566900015,7.4628605839999995,0.470366955,52.59000015,0.39657300700000003,-0.0964294,0.9336865540000001,3.2030000000000003,0.35,0.517,0.361,0.0,0.158,0.025,3.6319999999999997,0.332,0.537,0.255,0.085,0.191,0.036000000000000004,3.7939999103546103,0.401477217674255,0.18074677884578697,0.106179520487785,0.311870932579041,0.0611578300595284,3.36,0.38227,0.17344,0.1643,0.07112,0.31268,3.36,0.38227,0.17344,0.1643,0.07112,0.31268
